/*
SQLyog Community v11.24 (32 bit)
MySQL - 5.0.51a-24+lenny4 : Database - bdanton
*********************************************************************
*/

/*!40101 SET NAMES utf8 */;

/*!40101 SET SQL_MODE=''*/;

/*!40014 SET @OLD_UNIQUE_CHECKS=@@UNIQUE_CHECKS, UNIQUE_CHECKS=0 */;
/*!40014 SET @OLD_FOREIGN_KEY_CHECKS=@@FOREIGN_KEY_CHECKS, FOREIGN_KEY_CHECKS=0 */;
/*!40101 SET @OLD_SQL_MODE=@@SQL_MODE, SQL_MODE='NO_AUTO_VALUE_ON_ZERO' */;
/*!40111 SET @OLD_SQL_NOTES=@@SQL_NOTES, SQL_NOTES=0 */;
CREATE DATABASE /*!32312 IF NOT EXISTS*/`bdanton` /*!40100 DEFAULT CHARACTER SET utf8 */;

USE `bdanton`;

/*Table structure for table `essai` */

DROP TABLE IF EXISTS `essai`;

CREATE TABLE `essai` (
  `id_esssai` int(11) NOT NULL auto_increment,
  `nom` varchar(255) NOT NULL,
  PRIMARY KEY  (`id_esssai`)
) ENGINE=MyISAM AUTO_INCREMENT=3 DEFAULT CHARSET=utf8;

/*Data for the table `essai` */

insert  into `essai`(`id_esssai`,`nom`) values (1,'andreev'),(2,'denis');

/*Table structure for table `experiment` */

DROP TABLE IF EXISTS `experiment`;

CREATE TABLE `experiment` (
  `idexperiment` int(10) unsigned NOT NULL auto_increment,
  `name` varchar(45) default NULL,
  `comment` varchar(100) default NULL,
  `description` varchar(1000) default NULL,
  `iduser` int(11) default NULL,
  `exp_date` datetime default NULL,
  PRIMARY KEY  (`idexperiment`),
  UNIQUE KEY `idexperiment_UNIQUE` (`idexperiment`)
) ENGINE=MyISAM AUTO_INCREMENT=119 DEFAULT CHARSET=utf8;

/*Data for the table `experiment` */

insert  into `experiment`(`idexperiment`,`name`,`comment`,`description`,`iduser`,`exp_date`) values (102,'carol2_exp','','',1997,'2013-12-04 16:10:59'),(86,'dgfdgdf','gdfgdfg','',1999,'2013-12-04 16:10:59'),(73,'exp1','','',1668,'2013-12-04 16:10:59'),(75,'exp2','','',1668,'2013-12-04 16:10:59'),(76,'Exp1','','',1971,'2013-12-04 16:10:59'),(77,'Exp2','comment','',1971,'2013-12-04 16:10:59'),(78,'éertà','','',1971,'2013-12-04 16:10:59'),(79,'test','','',1999,'2013-12-04 16:10:59'),(80,'Test2','','descr',1999,'2013-12-04 16:10:59'),(82,'Proba','','',1999,'2013-12-04 16:10:59'),(83,'tttttttt','','',1999,'2013-12-04 16:10:59'),(84,'test4444444','a','b',1999,'2013-12-04 16:10:59'),(88,'wonderwoman','','',1999,'2013-12-04 16:10:59'),(89,'jjj','jggggggg','gggggggg',1999,'2013-12-04 16:10:59'),(90,'sdfgdgdf','gfdg','gddfg',1999,'2013-12-04 16:10:59'),(91,'rak','ff','ffffffffff',1999,'2013-12-04 16:10:59'),(98,'Exp1','comment 1','description 1',1993,'2013-12-18 16:10:59'),(99,'opittt','','',1999,'2013-12-04 16:10:59'),(100,'EPX2','','',1993,'2013-11-26 16:10:59'),(101,'carole_exp','','',1997,'2013-12-04 16:10:59'),(107,'carol_77','','',1997,'2013-12-02 04:10:59'),(108,'EXP3','','',1993,'2013-11-24 16:18:53'),(113,'teeeeeeeee','','',1993,'2013-11-29 04:36:51'),(115,'hfghgfhfghfg','','',1993,'2013-10-27 04:51:07'),(116,'exp4','commm','dec',1993,'2013-05-12 10:34:12'),(117,'test','','',1993,'2013-12-05 04:20:19'),(118,'osnews','','',1993,'2013-12-05 04:20:19');

/*Table structure for table `file` */

DROP TABLE IF EXISTS `file`;

CREATE TABLE `file` (
  `idfile` int(11) NOT NULL auto_increment,
  `filename` varchar(254) default NULL,
  `pathname` varchar(1000) default NULL,
  `comment` varchar(300) default NULL,
  `sizebytes` int(11) default NULL,
  `date` datetime default NULL,
  `tags` varchar(500) default NULL,
  PRIMARY KEY  (`idfile`),
  UNIQUE KEY `idfile_UNIQUE` (`idfile`)
) ENGINE=MyISAM AUTO_INCREMENT=182 DEFAULT CHARSET=utf8;

/*Data for the table `file` */

insert  into `file`(`idfile`,`filename`,`pathname`,`comment`,`sizebytes`,`date`,`tags`) values (1,'\\\\filesrv1\\home$\\antona\\.windows\\Mes documents\\Default.rdp','\\\\filesrv1\\home$\\antona\\.windows\\Mes documents\\Default.rdp',NULL,NULL,NULL,'Brainamp, Processed'),(2,'\\\\filesrv1\\home$\\antona\\.windows\\Mes documents\\Default.rdp','\\\\filesrv1\\home$\\antona\\.windows\\Mes documents\\Default.rdp',NULL,NULL,NULL,NULL),(3,'\\\\filesrv1\\home$\\antona\\.windows\\Mes documents\\desktop.ini','\\\\filesrv1\\home$\\antona\\.windows\\Mes documents\\desktop.ini',NULL,NULL,NULL,'N1P2, test3'),(4,'C:\\Users\\Public\\Documents\\desktop.ini','C:\\Users\\Public\\Documents\\desktop.ini',NULL,NULL,NULL,'P300'),(5,'\\\\filesrv1\\home$\\antona\\.windows\\Mes documents\\helpful.txt','\\\\filesrv1\\home$\\antona\\.windows\\Mes documents\\helpful.txt',NULL,NULL,NULL,NULL),(6,'D:\\out.txt','D:\\out.txt',NULL,NULL,NULL,'P300'),(7,'D:\\test.eeg','D:\\test.eeg',NULL,NULL,NULL,NULL),(8,'D:\\test.txt','D:\\test.txt',NULL,NULL,NULL,NULL),(9,'D:\\test.vhdr','D:\\test.vhdr',NULL,NULL,NULL,'N1P2, test3'),(10,'D:\\out.txt','D:\\out.txt',NULL,NULL,NULL,NULL),(11,'D:\\test.eeg','D:\\test.eeg',NULL,NULL,NULL,NULL),(12,'D:\\test.txt','D:\\test.txt',NULL,NULL,NULL,NULL),(13,'D:\\test.vhdr','D:\\test.vhdr',NULL,NULL,NULL,NULL),(14,'\\\\filesrv1\\home$\\antona\\.windows\\Mes documents\\desktop.ini','\\\\filesrv1\\home$\\antona\\.windows\\Mes documents\\desktop.ini',NULL,NULL,NULL,NULL),(15,'C:\\Users\\Public\\Documents\\desktop.ini','C:\\Users\\Public\\Documents\\desktop.ini',NULL,NULL,NULL,NULL),(16,'\\\\filesrv1\\home$\\antona\\.windows\\Mes documents\\helpful.txt','\\\\filesrv1\\home$\\antona\\.windows\\Mes documents\\helpful.txt',NULL,NULL,NULL,NULL),(17,'\\\\filesrv1\\home$\\antona\\.windows\\Mes documents\\helpful.txt','\\\\filesrv1\\home$\\antona\\.windows\\Mes documents\\helpful.txt',NULL,NULL,NULL,NULL),(18,'D:\\test.txt','D:\\test.txt',NULL,NULL,NULL,NULL),(19,'\\\\filesrv1\\home$\\antona\\.windows\\Mes documents\\course_lausanne_programme.doc','\\\\filesrv1\\home$\\antona\\.windows\\Mes documents\\course_lausanne_programme.doc',NULL,NULL,NULL,NULL),(20,'\\\\filesrv1\\home$\\antona\\.windows\\Mes documents\\course_lausanne_programme.doc','\\\\filesrv1\\home$\\antona\\.windows\\Mes documents\\course_lausanne_programme.doc',NULL,NULL,NULL,NULL),(21,'D:\\test.eeg','D:\\test.eeg',NULL,NULL,NULL,NULL),(95,'Dropbox 2.2.8.exe','D:\\Downloads\\Dropbox 2.2.8.exe',NULL,NULL,NULL,NULL),(23,'D:\\doc labo déf.mov','D:\\doc labo déf.mov',NULL,NULL,NULL,NULL),(24,'D:\\openvibe-plugins-gipsa.log','D:\\openvibe-plugins-gipsa.log',NULL,NULL,NULL,NULL),(25,'D:\\test.vhdr','D:\\test.vhdr',NULL,NULL,NULL,NULL),(26,'D:\\doc labo déf.mov','D:\\doc labo déf.mov',NULL,NULL,NULL,NULL),(94,'dllexp.zip','D:\\Downloads\\dllexp.zip',NULL,NULL,NULL,NULL),(93,'db4o-8.0-net40.msi','D:\\Downloads\\db4o-8.0-net40.msi',NULL,NULL,NULL,NULL),(85,'7z920-x64.msi','D:\\Downloads\\7z920-x64.msi',NULL,NULL,NULL,NULL),(86,'AccessControl.zip','D:\\Downloads\\AccessControl.zip',NULL,NULL,NULL,NULL),(87,'arduino-1.0.5-windows.exe','D:\\Downloads\\arduino-1.0.5-windows.exe',NULL,NULL,NULL,NULL),(88,'BIquickstartguide.pdf','D:\\Downloads\\BIquickstartguide.pdf',NULL,NULL,NULL,NULL),(89,'cdbxp_setup_4.5.1.4003.exe','D:\\Downloads\\cdbxp_setup_4.5.1.4003.exe',NULL,NULL,NULL,NULL),(92,'curl-7.31.0-ssl-sspi-zlib-static-bin-w32.zip','D:\\Downloads\\curl-7.31.0-ssl-sspi-zlib-static-bin-w32.zip',NULL,NULL,NULL,NULL),(74,'gUSBamp.exe','D:\\gUSBampDriver\\gUSBamp.exe',NULL,NULL,NULL,NULL),(72,'gUSBampDriver.pdf','D:\\gUSBampDriver\\gUSBampDriver.pdf',NULL,NULL,NULL,NULL),(91,'cmake-2.8.11-win32-x86.exe','D:\\Downloads\\cmake-2.8.11-win32-x86.exe',NULL,NULL,NULL,NULL),(90,'cmake-2.8.10.2-win32-x86.exe','D:\\Downloads\\cmake-2.8.10.2-win32-x86.exe',NULL,NULL,NULL,NULL),(96,'eeglab11_0_5_4b.zip','D:\\Downloads\\eeglab11_0_5_4b.zip',NULL,NULL,NULL,NULL),(97,'FileZilla_3.7.0.2_win32-setup.exe','D:\\Downloads\\FileZilla_3.7.0.2_win32-setup.exe',NULL,NULL,NULL,NULL),(98,'FoxitReader603.0524_enu_Setup.exe','D:\\Downloads\\FoxitReader603.0524_enu_Setup.exe',NULL,NULL,NULL,NULL),(100,'7z920-x64.msi','D:\\Downloads\\7z920-x64.msi',NULL,NULL,NULL,NULL),(101,'AccessControl.zip','D:\\Downloads\\AccessControl.zip',NULL,NULL,NULL,NULL),(102,'arduino-1.0.5-windows.exe','D:\\Downloads\\arduino-1.0.5-windows.exe',NULL,NULL,NULL,NULL),(103,'BIquickstartguide.pdf','D:\\Downloads\\BIquickstartguide.pdf',NULL,NULL,NULL,NULL),(104,'cdbxp_setup_4.5.1.4003.exe','D:\\Downloads\\cdbxp_setup_4.5.1.4003.exe',NULL,NULL,NULL,NULL),(105,'cmake-2.8.10.2-win32-x86.exe','D:\\Downloads\\cmake-2.8.10.2-win32-x86.exe',NULL,NULL,NULL,NULL),(106,'cmake-2.8.11-win32-x86.exe','D:\\Downloads\\cmake-2.8.11-win32-x86.exe',NULL,NULL,NULL,NULL),(107,'curl-7.31.0-ssl-sspi-zlib-static-bin-w32.zip','D:\\Downloads\\curl-7.31.0-ssl-sspi-zlib-static-bin-w32.zip',NULL,NULL,NULL,NULL),(108,'db4o-8.0-net40.msi','D:\\Downloads\\db4o-8.0-net40.msi',NULL,NULL,NULL,NULL),(109,'dllexp.zip','D:\\Downloads\\dllexp.zip',NULL,NULL,NULL,NULL),(110,'Dropbox 2.2.8.exe','D:\\Downloads\\Dropbox 2.2.8.exe',NULL,NULL,NULL,NULL),(111,'eeglab11_0_5_4b.zip','D:\\Downloads\\eeglab11_0_5_4b.zip',NULL,NULL,NULL,NULL),(112,'emg-elec.pdf','D:\\Downloads\\emg-elec.pdf',NULL,NULL,NULL,NULL),(113,'EnumFIFO.zip','D:\\Downloads\\EnumFIFO.zip',NULL,NULL,NULL,NULL),(114,'FileZilla_3.7.0.1_win32-setup.exe','D:\\Downloads\\FileZilla_3.7.0.1_win32-setup.exe',NULL,NULL,NULL,NULL),(115,'FileZilla_3.7.0.2_win32-setup.exe','D:\\Downloads\\FileZilla_3.7.0.2_win32-setup.exe',NULL,NULL,NULL,NULL),(116,'FoxitReader603.0524_enu_Setup.exe','D:\\Downloads\\FoxitReader603.0524_enu_Setup.exe',NULL,NULL,NULL,NULL),(117,'gipsa-setup-main-1.6(1).exe','D:\\Downloads\\gipsa-setup-main-1.6(1).exe',NULL,NULL,NULL,NULL),(118,'mdm.txt','D:\\mdm.txt',NULL,NULL,NULL,NULL),(119,'openvibe-plugins-gipsa.log','D:\\openvibe-plugins-gipsa.log',NULL,NULL,NULL,NULL),(120,'out.txt','D:\\out.txt',NULL,NULL,NULL,NULL),(121,'test.eeg','D:\\test.eeg',NULL,NULL,NULL,NULL),(122,'openvibe-plugins-gipsa.log','D:\\openvibe-plugins-gipsa.log',NULL,NULL,NULL,NULL),(123,'out.txt','D:\\out.txt',NULL,NULL,NULL,NULL),(124,'test.eeg','D:\\test.eeg',NULL,NULL,NULL,NULL),(125,'test.txt','D:\\test.txt',NULL,NULL,NULL,NULL),(126,'test.vhdr','D:\\test.vhdr',NULL,NULL,NULL,NULL),(127,'glmar.pdf','\\\\filesrv1\\home$\\antona\\.windows\\Bureau\\glmar.pdf',NULL,NULL,NULL,NULL),(128,'gitelman-anova.pdf','\\\\filesrv1\\home$\\antona\\.windows\\Bureau\\gitelman-anova.pdf',NULL,NULL,NULL,NULL),(129,'gitelman-anova-contrasts.pdf','\\\\filesrv1\\home$\\antona\\.windows\\Bureau\\gitelman-anova-contrasts.pdf',NULL,NULL,NULL,NULL),(134,'mdm.txt','D:\\mdm.txt',NULL,NULL,NULL,NULL),(144,'s1.mat','D:\\eye-eeg-hu-berlin\\s1.mat',NULL,NULL,NULL,'test3'),(133,'doc labo déf.mov','D:\\doc labo déf.mov',NULL,NULL,NULL,NULL),(132,'affiche_challengeEEG.jpg','\\\\filesrv1\\home$\\antona\\.windows\\Bureau\\affiche_challengeEEG.jpg',NULL,NULL,NULL,NULL),(143,'s1.eeg','D:\\eye-eeg-hu-berlin\\s1.eeg',NULL,NULL,NULL,'P300, N1P2'),(142,'s1.asc','D:\\eye-eeg-hu-berlin\\s1.asc',NULL,NULL,NULL,'P300, N1P2'),(145,'s1.vhdr','D:\\eye-eeg-hu-berlin\\s1.vhdr',NULL,NULL,NULL,'test3'),(146,'s1.vmrk','D:\\eye-eeg-hu-berlin\\s1.vmrk',NULL,NULL,NULL,NULL),(147,'s1.asc','D:\\eye-eeg-hu-berlin\\s1.asc',NULL,NULL,NULL,NULL),(148,'s1.eeg','D:\\eye-eeg-hu-berlin\\s1.eeg',NULL,NULL,NULL,'P300'),(149,'s1.mat','D:\\eye-eeg-hu-berlin\\s1.mat',NULL,NULL,NULL,'P300'),(159,'','',NULL,NULL,NULL,NULL),(160,'desktop.ini','C:\\Users\\Public\\Documents\\desktop.ini',NULL,NULL,NULL,NULL),(158,'','',NULL,NULL,NULL,NULL),(153,'s1.eeg','D:\\eye-eeg-hu-berlin\\s1.eeg',NULL,NULL,NULL,'Brainamp'),(157,'s1.asc','D:\\eye-eeg-hu-berlin\\s1.asc',NULL,NULL,NULL,NULL),(155,'s1.vhdr','D:\\eye-eeg-hu-berlin\\s1.vhdr',NULL,NULL,NULL,'Brainamp'),(156,'s1.vmrk','D:\\eye-eeg-hu-berlin\\s1.vmrk',NULL,NULL,NULL,'Brainamp'),(171,'links.txt','D:\\\\Work\\\\links.txt',NULL,NULL,NULL,'Brainamp'),(161,'desktop.ini','\\\\filesrv1\\home$\\antona\\.windows\\Mes documents\\desktop.ini',NULL,NULL,NULL,NULL),(162,'desktop.ini','\\\\filesrv1\\home$\\antona\\.windows\\Mes documents\\desktop.ini',NULL,NULL,NULL,NULL),(163,'desktop.ini','C:\\Users\\Public\\Documents\\desktop.ini',NULL,NULL,NULL,NULL),(164,'helpful.txt','\\\\filesrv1\\home$\\antona\\.windows\\Mes documents\\helpful.txt',NULL,NULL,NULL,'test3'),(165,'course_lausanne_programme.doc','\\\\\\\\filesrv1\\\\home$\\\\antona\\\\.windows\\\\Mes documents\\\\course_lausanne_programme.doc',NULL,NULL,NULL,'Raw'),(166,'Default.rdp','\\\\filesrv1\\home$\\antona\\.windows\\Mes documents\\Default.rdp',NULL,NULL,NULL,'Processed, Raw, N1P2'),(167,'9703.png','\\\\filesrv1\\home$\\antona\\.windows\\Bureau\\9703.png',NULL,NULL,NULL,'Brainamp, Eyelink-1000'),(168,'netuse.txt','\\\\filesrv1\\home$\\antona\\.windows\\Bureau\\netuse.txt',NULL,NULL,NULL,'Brainamp'),(170,'Transformations.en.qm','D:\\\\BIOPAC Systems, Inc\\\\AcqKnowledge 4 DEMO\\\\Translations\\\\Transformations.en.qm',NULL,NULL,NULL,NULL),(169,'BI-interface.png','\\\\\\\\filesrv1\\\\home$\\\\antona\\\\.windows\\\\Bureau\\\\BI-interface.png',NULL,NULL,NULL,NULL),(172,'readme.txt','D:\\\\Work\\\\Packed scenarios_by_alex\\\\readme.txt',NULL,NULL,NULL,'Stored on CDROM'),(173,'readme.txt~','D:\\\\Work\\\\Packed scenarios_by_alex\\\\readme.txt~',NULL,NULL,NULL,'Stored on CDROM'),(174,'online-mdm.xml','D:\\Work\\Packed scenarios_by_alex\\mdm with training\\online-mdm.xml',NULL,NULL,NULL,NULL),(175,'train-mdm.xml','D:\\Work\\Packed scenarios_by_alex\\mdm with training\\train-mdm.xml',NULL,NULL,NULL,NULL),(176,'train-mdm.xml','D:\\Work\\Packed scenarios_by_alex\\mdm with training\\train-mdm.xml',NULL,NULL,NULL,NULL),(177,'train-mdm.xml','D:\\Work\\Packed scenarios_by_alex\\mdm with training\\train-mdm.xml',NULL,NULL,NULL,NULL),(178,'- rezervare.pdf','D:\\\\Users\\\\ionescug\\\\Documents\\\\- rezervare.pdf',NULL,NULL,NULL,NULL),(179,'template pour page pdf.pdf','D:\\\\Users\\\\ionescug\\\\Documents\\\\template pour page pdf.pdf',NULL,NULL,NULL,NULL),(180,'PIMM-SW-ADMIN-en.doc','R:\\\\vibs\\\\Anton\\\\PIMM-SW-ADMIN-en.doc',NULL,NULL,NULL,NULL),(181,'Makefile','\\\\\\\\filesrv1\\\\projects\\\\devel\\\\PIMM\\\\Makefile',NULL,NULL,NULL,NULL);

/*Table structure for table `jos_games` */

DROP TABLE IF EXISTS `jos_games`;

CREATE TABLE `jos_games` (
  `eventId` int(11) default NULL,
  `eventName` varchar(50) default NULL
) ENGINE=MyISAM DEFAULT CHARSET=utf8;

/*Data for the table `jos_games` */

/*Table structure for table `list_file` */

DROP TABLE IF EXISTS `list_file`;

CREATE TABLE `list_file` (
  `idlist_file` int(11) NOT NULL auto_increment,
  `idexperiment` int(11) default NULL,
  `idmodality` int(11) default NULL,
  `idfile` int(11) default NULL,
  `idsubject` int(11) default NULL,
  PRIMARY KEY  (`idlist_file`)
) ENGINE=MyISAM AUTO_INCREMENT=171 DEFAULT CHARSET=utf8;

/*Data for the table `list_file` */

insert  into `list_file`(`idlist_file`,`idexperiment`,`idmodality`,`idfile`,`idsubject`) values (5,66,2,0,66),(6,66,2,0,66),(7,66,2,0,66),(8,66,2,0,66),(9,66,2,0,11),(10,66,2,0,11),(11,66,2,0,11),(12,66,2,0,11),(13,66,2,0,11),(14,66,2,0,11),(15,66,2,0,11),(16,66,2,18,11),(17,57,2,0,12),(18,57,0,21,12),(19,57,1,22,12),(20,72,5,23,16),(21,72,5,24,16),(22,72,5,25,16),(23,68,1,26,13),(104,68,4,107,15),(103,68,4,106,15),(102,68,4,105,15),(101,68,4,104,15),(100,68,4,103,15),(99,68,4,102,15),(98,68,4,101,15),(87,57,5,90,12),(88,57,5,91,12),(89,57,5,92,12),(71,57,4,74,17),(91,57,5,94,12),(69,68,4,72,15),(90,57,5,93,12),(97,68,4,100,15),(95,57,5,98,20),(94,57,5,97,20),(93,57,5,96,12),(92,57,5,95,12),(82,57,5,85,12),(83,57,5,86,12),(84,57,5,87,12),(85,57,5,88,12),(86,57,5,89,12),(105,68,4,108,15),(106,68,4,109,15),(107,68,4,110,15),(108,68,4,111,15),(109,68,4,112,15),(110,68,4,113,15),(111,68,4,114,15),(112,68,4,115,15),(113,68,4,116,15),(114,68,4,117,15),(115,68,5,118,15),(116,68,5,119,15),(117,68,5,120,15),(118,68,5,121,15),(119,73,4,122,25),(120,73,4,123,25),(121,73,4,124,25),(122,73,4,125,25),(123,73,4,126,25),(124,76,4,127,28),(125,76,4,128,28),(126,76,4,129,28),(140,79,9,145,31),(141,79,9,146,31),(129,76,3,132,28),(143,79,4,148,31),(142,79,4,147,31),(139,79,9,144,31),(138,79,9,143,31),(137,79,9,142,31),(144,79,4,149,31),(153,79,4,164,31),(146,79,4,151,31),(154,79,4,165,31),(148,82,4,153,36),(152,82,5,157,36),(150,82,4,155,36),(151,82,4,156,36),(155,79,4,166,31),(156,79,4,167,31),(157,79,4,168,31),(158,88,4,169,42),(159,80,5,170,35),(160,79,4,171,31),(161,100,4,172,49),(162,100,4,173,49),(163,98,8,174,48),(164,98,8,175,48),(165,100,4,176,53),(166,107,6,177,57),(167,100,7,178,49),(168,100,7,179,49),(169,100,7,180,49),(170,100,7,181,49);

/*Table structure for table `list_modality` */

DROP TABLE IF EXISTS `list_modality`;

CREATE TABLE `list_modality` (
  `idlist_modality` int(11) NOT NULL auto_increment,
  `idmodality` int(11) default NULL,
  `idexperiment` int(11) default NULL,
  PRIMARY KEY  (`idlist_modality`),
  UNIQUE KEY `idlist_modality_UNIQUE` (`idlist_modality`)
) ENGINE=MyISAM AUTO_INCREMENT=75 DEFAULT CHARSET=utf8;

/*Data for the table `list_modality` */

insert  into `list_modality`(`idlist_modality`,`idmodality`,`idexperiment`) values (22,1,57),(23,3,66),(24,2,66),(25,1,66),(26,1,68),(27,4,68),(28,5,68),(29,5,72),(30,4,72),(31,4,57),(32,5,57),(33,3,68),(34,4,73),(35,5,75),(36,4,76),(37,3,76),(38,9,79),(39,4,79),(40,4,82),(41,5,82),(42,7,83),(43,8,83),(44,7,79),(45,4,80),(46,4,88),(47,5,80),(48,4,98),(74,7,100),(73,6,107),(72,4,107),(71,8,98),(70,4,100);

/*Table structure for table `list_tag` */

DROP TABLE IF EXISTS `list_tag`;

CREATE TABLE `list_tag` (
  `idlist_tag` int(11) NOT NULL auto_increment,
  `idtag` int(11) NOT NULL,
  `idfile` int(11) NOT NULL,
  `idexperiment` int(11) NOT NULL,
  PRIMARY KEY  (`idlist_tag`)
) ENGINE=MyISAM AUTO_INCREMENT=106 DEFAULT CHARSET=utf8;

/*Data for the table `list_tag` */

insert  into `list_tag`(`idlist_tag`,`idtag`,`idfile`,`idexperiment`) values (4,4,136,79),(5,4,139,79),(6,3,136,79),(7,4,139,79),(8,4,139,79),(9,5,139,79),(10,3,139,79),(11,4,146,79),(12,5,144,79),(13,5,145,79),(14,2,144,79),(15,3,144,79),(16,2,144,79),(17,3,145,79),(18,2,145,79),(19,4,142,79),(20,5,142,79),(21,4,143,79),(22,5,143,79),(23,4,144,79),(24,5,144,79),(25,3,144,79),(26,3,145,79),(27,2,149,79),(28,3,149,79),(29,2,149,79),(30,3,149,79),(42,3,164,79),(41,3,164,79),(33,4,148,79),(34,4,149,79),(35,8,153,82),(36,8,155,82),(37,8,156,82),(38,9,1,82),(39,9,1,82),(40,9,1,82),(43,3,164,79),(44,3,164,79),(45,3,164,79),(46,9,166,79),(47,8,166,79),(48,6,167,79),(49,7,167,79),(50,6,167,79),(51,7,167,79),(52,6,167,79),(53,7,167,79),(54,8,167,79),(55,9,167,79),(56,8,168,79),(57,9,168,79),(58,6,168,79),(59,5,1,80),(60,5,1,80),(61,3,1,80),(62,5,171,79),(63,9,171,79),(64,7,171,79),(65,8,168,79),(66,8,171,79),(74,11,1,100),(75,6,1,100),(76,11,1,100),(77,6,1,100),(104,11,172,100),(105,11,173,100),(80,8,1,100),(81,7,1,100);

/*Table structure for table `modality` */

DROP TABLE IF EXISTS `modality`;

CREATE TABLE `modality` (
  `idmodality` int(11) NOT NULL auto_increment,
  `name` varchar(45) default NULL,
  `comment` varchar(300) default NULL,
  `description` varchar(300) default NULL,
  PRIMARY KEY  (`idmodality`),
  UNIQUE KEY `idmodality_UNIQUE` (`idmodality`)
) ENGINE=MyISAM AUTO_INCREMENT=24 DEFAULT CHARSET=utf8;

/*Data for the table `modality` */

insert  into `modality`(`idmodality`,`name`,`comment`,`description`) values (4,'EEG','',''),(5,'Eyetracker','',''),(6,'fMRI','',''),(7,'Audio','',''),(8,'Video','',''),(23,'proba','','');

/*Table structure for table `shared_experiment_user` */

DROP TABLE IF EXISTS `shared_experiment_user`;

CREATE TABLE `shared_experiment_user` (
  `idshared_experiment_user` int(11) NOT NULL auto_increment,
  `idexperiment` int(11) NOT NULL,
  `owner_userid` int(11) default NULL COMMENT 'The one who shares',
  `target_userid` int(11) default NULL COMMENT 'Shared to who',
  PRIMARY KEY  (`idshared_experiment_user`)
) ENGINE=MyISAM AUTO_INCREMENT=31 DEFAULT CHARSET=utf8;

/*Data for the table `shared_experiment_user` */

insert  into `shared_experiment_user`(`idshared_experiment_user`,`idexperiment`,`owner_userid`,`target_userid`) values (23,100,1993,1997),(19,107,1997,2289),(26,98,1993,1992),(25,98,1993,1990),(24,100,1993,1990),(27,98,1993,1989),(28,113,1993,1984),(29,116,1993,1986),(30,116,1993,1984);

/*Table structure for table `subject` */

DROP TABLE IF EXISTS `subject`;

CREATE TABLE `subject` (
  `idsubject` int(11) NOT NULL auto_increment,
  `name` varchar(80) default NULL,
  `age` int(11) default NULL,
  `sex` int(11) default NULL,
  `idexperiment` int(11) default NULL,
  `iduser` int(11) default NULL,
  PRIMARY KEY  (`idsubject`),
  UNIQUE KEY `idsubject_UNIQUE` (`idsubject`)
) ENGINE=MyISAM AUTO_INCREMENT=62 DEFAULT CHARSET=utf8;

/*Data for the table `subject` */

insert  into `subject`(`idsubject`,`name`,`age`,`sex`,`idexperiment`,`iduser`) values (11,'sub1',28,1,66,NULL),(12,'anton',28,1,57,NULL),(13,'S01',28,1,68,NULL),(15,'S03',28,1,68,NULL),(17,'543543',28,1,57,NULL),(18,'gdfgdf',28,2,57,NULL),(20,'rrrrrrrrrr',28,1,57,NULL),(21,'rrrrrrrr',28,1,57,NULL),(22,'aaaaaaa',28,1,57,NULL),(23,'rerer',28,1,57,NULL),(24,'subject1',28,1,73,1668),(25,'subject2',28,1,73,1668),(26,'subject3',28,1,73,1668),(27,'SO1',28,1,75,1668),(28,'Subject1',28,1,76,1971),(29,'Subject2',28,1,76,1971),(30,'S01',28,2,77,1971),(31,'user1',28,1,79,1999),(32,'user2',28,1,79,1999),(33,'Subj3',28,1,80,1999),(35,'Tonata45',28,1,80,1999),(36,'User1',28,1,82,1999),(38,'fsdfs',28,1,79,1999),(40,'Paparoni',28,1,80,1999),(41,'osnews',28,1,80,1999),(42,'Mynewsubject',28,1,89,1999),(43,'rrrrrrrrrrrr',28,1,89,1999),(45,'subj222',28,1,79,1999),(46,'test',28,1,79,1999),(48,'pi4ka',28,1,98,1993),(49,'Brian',28,1,100,1993),(50,'Brian2',28,1,100,1993),(51,'Tonata',28,1,100,1993),(52,'hhg',28,1,116,1993),(53,'gjhgjhgjgh',28,1,118,1993),(55,'Exp1',28,1,98,1993),(56,'myshared subject',28,1,0,1997),(57,'subject_from_guillaume',28,1,107,2289),(58,'exp2_by_carole',28,1,0,1997),(59,'patron',28,1,0,1997),(60,'subject_by_caroll',28,1,100,1997),(61,'subjet1',23,1,98,1993);

/*Table structure for table `tag` */

DROP TABLE IF EXISTS `tag`;

CREATE TABLE `tag` (
  `idtag` int(11) NOT NULL auto_increment,
  `name` varchar(45) default NULL,
  PRIMARY KEY  (`idtag`),
  UNIQUE KEY `idtag_UNIQUE` (`idtag`)
) ENGINE=MyISAM AUTO_INCREMENT=12 DEFAULT CHARSET=utf8;

/*Data for the table `tag` */

insert  into `tag`(`idtag`,`name`) values (6,'Raw'),(8,'Brainamp'),(11,'Stored on CDROM'),(4,'P300'),(5,'N1P2'),(7,'Processed'),(9,'Eyelink-1000');

/*Table structure for table `team` */

DROP TABLE IF EXISTS `team`;

CREATE TABLE `team` (
  `idteam` int(11) NOT NULL auto_increment,
  `name` varchar(45) default NULL,
  PRIMARY KEY  (`idteam`),
  UNIQUE KEY `idteam_UNIQUE` (`idteam`)
) ENGINE=MyISAM DEFAULT CHARSET=utf8;

/*Data for the table `team` */

/*Table structure for table `user` */

DROP TABLE IF EXISTS `user`;

CREATE TABLE `user` (
  `iduser` int(11) NOT NULL auto_increment,
  `firstname` varchar(45) default NULL,
  `lastname` varchar(45) default NULL,
  `username` varchar(45) NOT NULL,
  `password` varchar(45) default NULL,
  `email` varchar(100) default NULL,
  PRIMARY KEY  (`iduser`),
  UNIQUE KEY `iduser_UNIQUE` (`iduser`),
  UNIQUE KEY `username_UNIQUE` (`username`)
) ENGINE=MyISAM AUTO_INCREMENT=2315 DEFAULT CHARSET=utf8;

/*Data for the table `user` */

insert  into `user`(`iduser`,`firstname`,`lastname`,`username`,`password`,`email`) values (1984,'sophie','achard','sophie.achard','sophie.achard','sophie.achard@gipsa-lab.grenoble-inp.fr'),(1985,'georges','acharian','georges.acharian','georges.acharian','georges.acharian@gipsa-lab.grenoble-inp.fr'),(1986,'audrey','acher','audrey.acher','audrey.acher','audrey.acher@gipsa-lab.grenoble-inp.fr'),(1987,'michael','acquadro','michael.acquadro','michael.acquadro','michael.acquadro@gipsa-lab.grenoble-inp.fr'),(1988,'mariam','ahmed','mariam.ahmed','mariam.ahmed','mariam.ahmed@gipsa-lab.grenoble-inp.fr'),(1989,'mahsa','akhbari','mahsa.akhbari','mahsa.akhbari','mahsa.akhbari@gipsa-lab.grenoble-inp.fr'),(1990,'mazen','alamir','mazen.alamir','mazen.alamir','mazen.alamir@gipsa-lab.grenoble-inp.fr'),(1991,'marie-rose','alfara','marie-rose.alfara','marie-rose.alfara','marie-rose.alfara@gipsa-lab.grenoble-inp.fr'),(1992,'hassane','alla','hassane.alla','hassane.alla','hassane.alla@gipsa-lab.grenoble-inp.fr'),(1993,'nadia','aloui','nadia.aloui','nadia.aloui','nadia.aloui@gipsa-lab.grenoble-inp.fr'),(1994,'ahmed','altaher','ahmed.altaher','ahmed.altaher','ahmed.altaher@gipsa-lab.grenoble-inp.fr'),(1995,'pierre-olivier','amblard','pierre-olivier.amblard','pierre-olivier.amblard','pierre-olivier.amblard@gipsa-lab.grenoble-inp.fr'),(1996,'ladan','amini','ladan.amini','ladan.amini','ladan.amini@gipsa-lab.grenoble-inp.fr'),(1997,'carole','amiot','carole.amiot','carole.amiot','carole.amiot@gipsa-lab.grenoble-inp.fr'),(1998,'julien','andre','julien.andre','julien.andre','julien.andre@gipsa-lab.grenoble-inp.fr'),(1999,'andreev','anton','andreev.anton','andreev.anton','andreev.anton@gipsa-lab.grenoble-inp.fr'),(2000,'andrei','anghel','andrei.anghel','andrei.anghel','andrei.anghel@gipsa-lab.grenoble-inp.fr'),(2001,'dominique','attali','dominique.attali','dominique.attali','dominique.attali@gipsa-lab.grenoble-inp.fr'),(2002,'ganesh','attigodu','ganesh.attigodu','ganesh.attigodu','ganesh.attigodu@gipsa-lab.grenoble-inp.fr'),(2003,'florian','aulanier','florian.aulanier','florian.aulanier','florian.aulanier@gipsa-lab.grenoble-inp.fr'),(2004,'hacheme','ayasso','hacheme.ayasso','hacheme.ayasso','hacheme.ayasso@gipsa-lab.grenoble-inp.fr'),(2005,'raphael','bacher','raphael.bacher','raphael.bacher','raphael.bacher@gipsa-lab.grenoble-inp.fr'),(2006,'pierre','badin','pierre.badin','pierre.badin','pierre.badin@gipsa-lab.grenoble-inp.fr'),(2007,'gerard','bailly','gerard.bailly','gerard.bailly','gerard.bailly@gipsa-lab.grenoble-inp.fr'),(2008,'cleo','baras','cleo.baras','cleo.baras','cleo.baras@gipsa-lab.grenoble-inp.fr'),(2009,'guillaume','barbier','guillaume.barbier','guillaume.barbier','guillaume.barbier@gipsa-lab.grenoble-inp.fr'),(2010,'adela','barbulescu','adela.barbulescu','adela.barbulescu','adela.barbulescu@gipsa-lab.grenoble-inp.fr'),(2011,'sonia','batis','sonia.batis','sonia.batis','sonia.batis@gipsa-lab.grenoble-inp.fr'),(2012,'denis','beautemps','denis.beautemps','denis.beautemps','denis.beautemps@gipsa-lab.grenoble-inp.fr'),(2013,'hanna','becker','hanna.becker','hanna.becker','hanna.becker@gipsa-lab.grenoble-inp.fr'),(2014,'guillaume','becq','guillaume.becq','guillaume.becq','guillaume.becq@gipsa-lab.grenoble-inp.fr'),(2015,'pascal','bellemain','pascal.bellemain','pascal.bellemain','pascal.bellemain@gipsa-lab.grenoble-inp.fr'),(2016,'abir','ben-khaled','abir.ben-khaled','abir.ben-khaled','abir.ben-khaled@gipsa-lab.grenoble-inp.fr'),(2017,'mihaly','berekmeri','mihaly.berekmeri','mihaly.berekmeri','mihaly.berekmeri@gipsa-lab.grenoble-inp.fr'),(2018,'christophe','berenguer','christophe.berenguer','christophe.berenguer','christophe.berenguer@gipsa-lab.grenoble-inp.fr'),(2019,'cindy','bernard','cindy.bernard','cindy.bernard','cindy.bernard@gipsa-lab.grenoble-inp.fr'),(2020,'frederic','berthommier','frederic.berthommier','frederic.berthommier','frederic.berthommier@gipsa-lab.grenoble-inp.fr'),(2021,'pascal','bertolino','pascal.bertolino','pascal.bertolino','pascal.bertolino@gipsa-lab.grenoble-inp.fr'),(2022,'gildas','besancon','gildas.besancon','gildas.besancon','gildas.besancon@gipsa-lab.grenoble-inp.fr'),(2023,'nikola','besic','nikola.besic','nikola.besic','nikola.besic@gipsa-lab.grenoble-inp.fr'),(2024,'jean-francois','beteau','jean-francois.beteau','jean-francois.beteau','jean-francois.beteau@gipsa-lab.grenoble-inp.fr'),(2025,'nadine','bioud','nadine.bioud','nadine.bioud','nadine.bioud@gipsa-lab.grenoble-inp.fr'),(2026,'thierry','blanc','thierry.blanc','thierry.blanc','thierry.blanc@gipsa-lab.grenoble-inp.fr'),(2027,'remi','blandin','remi.blandin','remi.blandin','remi.blandin@gipsa-lab.grenoble-inp.fr'),(2028,'vlad-lucian','boboia','vlad-lucian.boboia','vlad-lucian.boboia','vlad-lucian.boboia@gipsa-lab.grenoble-inp.fr'),(2029,'louis-jean','boe','louis-jean.boe','louis-jean.boe','louis-jean.boe@gipsa-lab.grenoble-inp.fr'),(2030,'laurent','bonnaud','laurent.bonnaud','laurent.bonnaud','laurent.bonnaud@gipsa-lab.grenoble-inp.fr'),(2031,'francois','bonne','francois.bonne','francois.bonne','francois.bonne@gipsa-lab.grenoble-inp.fr'),(2032,'mael','bosson','mael.bosson','mael.bosson','mael.bosson@gipsa-lab.grenoble-inp.fr'),(2033,'nabil','bouchair','nabil.bouchair','nabil.bouchair','nabil.bouchair@gipsa-lab.grenoble-inp.fr'),(2034,'lucia','bouffard-tocat','lucia.bouffard-tocat','lucia.bouffard-tocat','lucia.bouffard-tocat@gipsa-lab.grenoble-inp.fr'),(2035,'jeremie','boulanger','jeremie.boulanger','jeremie.boulanger','jeremie.boulanger@gipsa-lab.grenoble-inp.fr'),(2036,'mathieu','bouvier-des-noes','mathieu.bouvier-des-noes','mathieu.bouvier-des-noes','mathieu.bouvier-des-noes@gipsa-lab.grenoble-inp.fr'),(2037,'antoneta','bratcu','antoneta.bratcu','antoneta.bratcu','antoneta.bratcu@gipsa-lab.grenoble-inp.fr'),(2038,'jean-marc','brossier','jean-marc.brossier','jean-marc.brossier','jean-marc.brossier@gipsa-lab.grenoble-inp.fr'),(2039,'gabriel','buche','gabriel.buche','gabriel.buche','gabriel.buche@gipsa-lab.grenoble-inp.fr'),(2040,'edouard','buchoud','edouard.buchoud','edouard.buchoud','edouard.buchoud@gipsa-lab.grenoble-inp.fr'),(2041,'christian','bulfone','christian.bulfone','christian.bulfone','christian.bulfone@gipsa-lab.grenoble-inp.fr'),(2042,'rodrigo','cabral-farias','rodrigo.cabral-farias','rodrigo.cabral-farias','rodrigo.cabral-farias@gipsa-lab.grenoble-inp.fr'),(2043,'catherine','cadet','catherine.cadet','catherine.cadet','catherine.cadet@gipsa-lab.grenoble-inp.fr'),(2044,'violaine','cahouet','violaine.cahouet','violaine.cahouet','violaine.cahouet@gipsa-lab.grenoble-inp.fr'),(2045,'ion','candel','ion.candel','ion.candel','ion.candel@gipsa-lab.grenoble-inp.fr'),(2046,'carlos','canudas-de-wit','carlos.canudas-de-wit','carlos.canudas-de-wit','carlos.canudas-de-wit@gipsa-lab.grenoble-inp.fr'),(2047,'alice','caplier','alice.caplier','alice.caplier','alice.caplier@gipsa-lab.grenoble-inp.fr'),(2048,'manon','carrissimo-bertola','manon.carrissimo-bertola','manon.carrissimo-bertola','manon.carrissimo-bertola@gipsa-lab.grenoble-inp.fr'),(2049,'thibaut','castaings','thibaut.castaings','thibaut.castaings','thibaut.castaings@gipsa-lab.grenoble-inp.fr'),(2050,'abraham','castellanos-silva','abraham.castellanos-silva','abraham.castellanos-silva','abraham.castellanos-silva@gipsa-lab.grenoble-inp.fr'),(2051,'felipe','castillo-buenaventura','felipe.castillo-buenaventura','felipe.castillo-buenaventura','felipe.castillo-buenaventura@gipsa-lab.grenoble-inp.fr'),(2052,'francois','cayre','francois.cayre','francois.cayre','francois.cayre@gipsa-lab.grenoble-inp.fr'),(2053,'matthieu','chabanas','matthieu.chabanas','matthieu.chabanas','matthieu.chabanas@gipsa-lab.grenoble-inp.fr'),(2054,'olivier','chabert','olivier.chabert','olivier.chabert','olivier.chabert@gipsa-lab.grenoble-inp.fr'),(2055,'philippe','chaffanjon','philippe.chaffanjon','philippe.chaffanjon','philippe.chaffanjon@gipsa-lab.grenoble-inp.fr'),(2056,'thierry','champier','thierry.champier','thierry.champier','thierry.champier@gipsa-lab.grenoble-inp.fr'),(2057,'jocelyn','chanussot','jocelyn.chanussot','jocelyn.chanussot','jocelyn.chanussot@gipsa-lab.grenoble-inp.fr'),(2058,'sylvie','charbonnier','sylvie.charbonnier','sylvie.charbonnier','sylvie.charbonnier@gipsa-lab.grenoble-inp.fr'),(2059,'jean-marc','chassery','jean-marc.chassery','jean-marc.chassery','jean-marc.chassery@gipsa-lab.grenoble-inp.fr'),(2060,'jonas','chatel-goldman','jonas.chatel-goldman','jonas.chatel-goldman','jonas.chatel-goldman@gipsa-lab.grenoble-inp.fr'),(2061,'florent','chatelain','florent.chatelain','florent.chatelain','florent.chatelain@gipsa-lab.grenoble-inp.fr'),(2062,'carole','chauvin','carole.chauvin','carole.chauvin','carole.chauvin@gipsa-lab.grenoble-inp.fr'),(2063,'nadine','christin','nadine.christin','nadine.christin','nadine.christin@gipsa-lab.grenoble-inp.fr'),(2064,'valentina','ciarla','valentina.ciarla','valentina.ciarla','valentina.ciarla@gipsa-lab.grenoble-inp.fr'),(2065,'ibrahima','cisse','ibrahima.cisse','ibrahima.cisse','ibrahima.cisse@gipsa-lab.grenoble-inp.fr'),(2066,'christian','commault','christian.commault','christian.commault','christian.commault@gipsa-lab.grenoble-inp.fr'),(2067,'pierre','comon','pierre.comon','pierre.comon','pierre.comon@gipsa-lab.grenoble-inp.fr'),(2068,'laurent','condat','laurent.condat','laurent.condat','laurent.condat@gipsa-lab.grenoble-inp.fr'),(2069,'marco','congedo','marco.congedo','marco.congedo','marco.congedo@gipsa-lab.grenoble-inp.fr'),(2070,'denis','corcella','denis.corcella','denis.corcella','denis.corcella@gipsa-lab.grenoble-inp.fr'),(2071,'aude','costard','aude.costard','aude.costard','aude.costard@gipsa-lab.grenoble-inp.fr'),(2072,'lea','cottavoz','lea.cottavoz','lea.cottavoz','lea.cottavoz@gipsa-lab.grenoble-inp.fr'),(2073,'pierre-yves','coulon','pierre-yves.coulon','pierre-yves.coulon','pierre-yves.coulon@gipsa-lab.grenoble-inp.fr'),(2074,'antoine','coutrot','antoine.coutrot','antoine.coutrot','antoine.coutrot@gipsa-lab.grenoble-inp.fr'),(2075,'manuel','cubero-castan','manuel.cubero-castan','manuel.cubero-castan','manuel.cubero-castan@gipsa-lab.grenoble-inp.fr'),(2076,'florian','dadouchi','florian.dadouchi','florian.dadouchi','florian.dadouchi@gipsa-lab.grenoble-inp.fr'),(2077,'mauro','dalla-mura','mauro.dalla-mura','mauro.dalla-mura','mauro.dalla-mura@gipsa-lab.grenoble-inp.fr'),(2078,'romain','dambreville','romain.dambreville','romain.dambreville','romain.dambreville@gipsa-lab.grenoble-inp.fr'),(2079,'douglas','david-baptista-de-souza','douglas.david-baptista-de-souza','douglas.david-baptista-de-souza','douglas.david-baptista-de-souza@gipsa-lab.grenoble-inp.fr'),(2080,'timothee','de-goussencourt','timothee.de-goussencourt','timothee.de-goussencourt','timothee.de-goussencourt@gipsa-lab.grenoble-inp.fr'),(2081,'giovanni','de-nunzio','giovanni.de-nunzio','giovanni.de-nunzio','giovanni.de-nunzio@gipsa-lab.grenoble-inp.fr'),(2082,'louis','delebecque','louis.delebecque','louis.delebecque','louis.delebecque@gipsa-lab.grenoble-inp.fr'),(2083,'rita-de-cassia','demasi','rita-de-cassia.demasi','rita-de-cassia.demasi','rita-de-cassia.demasi@gipsa-lab.grenoble-inp.fr'),(2084,'didier','demolin','didier.demolin','didier.demolin','didier.demolin@gipsa-lab.grenoble-inp.fr'),(2085,'giovanni','depau','giovanni.depau','giovanni.depau','giovanni.depau@gipsa-lab.grenoble-inp.fr'),(2086,'vincent','despre','vincent.despre','vincent.despre','vincent.despre@gipsa-lab.grenoble-inp.fr'),(2087,'michel','desvignes','michel.desvignes','michel.desvignes','michel.desvignes@gipsa-lab.grenoble-inp.fr'),(2088,'marielle','di-maria','marielle.di-maria','marielle.di-maria','marielle.di-maria@gipsa-lab.grenoble-inp.fr'),(2089,'haiyang','ding','haiyang.ding','haiyang.ding','haiyang.ding@gipsa-lab.grenoble-inp.fr'),(2090,'jean-michel','dion','jean-michel.dion','jean-michel.dion','jean-michel.dion@gipsa-lab.grenoble-inp.fr'),(2091,'cao-tri','do','cao-tri.do','cao-tri.do','cao-tri.do@gipsa-lab.grenoble-inp.fr'),(2092,'marion','dohen','marion.dohen','marion.dohen','marion.dohen@gipsa-lab.grenoble-inp.fr'),(2093,'luc','dugard','luc.dugard','luc.dugard','luc.dugard@gipsa-lab.grenoble-inp.fr'),(2094,'jonathan','dumon','jonathan.dumon','jonathan.dumon','jonathan.dumon@gipsa-lab.grenoble-inp.fr'),(2095,'sylvain','durand','sylvain.durand','sylvain.durand','sylvain.durand@gipsa-lab.grenoble-inp.fr'),(2096,'thomas','echelard','thomas.echelard','thomas.echelard','thomas.echelard@gipsa-lab.grenoble-inp.fr'),(2097,'frederic','elisei','frederic.elisei','frederic.elisei','frederic.elisei@gipsa-lab.grenoble-inp.fr'),(2098,'cedrik','erbsen','cedrik.erbsen','cedrik.erbsen','cedrik.erbsen@gipsa-lab.grenoble-inp.fr'),(2099,'matija','exel','matija.exel','matija.exel','matija.exel@gipsa-lab.grenoble-inp.fr'),(2100,'ruggero','fabbiano','ruggero.fabbiano','ruggero.fabbiano','ruggero.fabbiano@gipsa-lab.grenoble-inp.fr'),(2101,'wei','fan','wei.fan','wei.fan','wei.fan@gipsa-lab.grenoble-inp.fr'),(2102,'frederic','fantoni','frederic.fantoni','frederic.fantoni','frederic.fantoni@gipsa-lab.grenoble-inp.fr'),(2103,'denis','faure-vincent','denis.faure-vincent','denis.faure-vincent','denis.faure-vincent@gipsa-lab.grenoble-inp.fr'),(2104,'christine','faury','christine.faury','christine.faury','christine.faury@gipsa-lab.grenoble-inp.fr'),(2105,'gang','feng','gang.feng','gang.feng','gang.feng@gipsa-lab.grenoble-inp.fr'),(2106,'soheib','fergani','soheib.fergani','soheib.fergani','soheib.fergani@gipsa-lab.grenoble-inp.fr'),(2107,'mirko','fiacchini','mirko.fiacchini','mirko.fiacchini','mirko.fiacchini@gipsa-lab.grenoble-inp.fr'),(2108,'marcin','firla','marcin.firla','marcin.firla','marcin.firla@gipsa-lab.grenoble-inp.fr'),(2109,'hassen','fourati','hassen.fourati','hassen.fourati','hassen.fourati@gipsa-lab.grenoble-inp.fr'),(2110,'anne','fradin','anne.fradin','anne.fradin','anne.fradin@gipsa-lab.grenoble-inp.fr'),(2111,'vincent','fristot','vincent.fristot','vincent.fristot','vincent.fristot@gipsa-lab.grenoble-inp.fr'),(2112,'yo','fujiso','yo.fujiso','yo.fujiso','yo.fujiso@gipsa-lab.grenoble-inp.fr'),(2113,'aditya','galhawat','aditya.galhawat','aditya.galhawat','aditya.galhawat@gipsa-lab.grenoble-inp.fr'),(2114,'diana','galindo','diana.galindo','diana.galindo','diana.galindo@gipsa-lab.grenoble-inp.fr'),(2115,'jaime','gallego-vila','jaime.gallego-vila','jaime.gallego-vila','jaime.gallego-vila@gipsa-lab.grenoble-inp.fr'),(2116,'silvia','gally','silvia.gally','silvia.gally','silvia.gally@gipsa-lab.grenoble-inp.fr'),(2117,'irene','gannaz','irene.gannaz','irene.gannaz','irene.gannaz@gipsa-lab.grenoble-inp.fr'),(2118,'federica','garin','federica.garin','federica.garin','federica.garin@gipsa-lab.grenoble-inp.fr'),(2119,'maeva','garnier','maeva.garnier','maeva.garnier','maeva.garnier@gipsa-lab.grenoble-inp.fr'),(2120,'michel','gay','michel.gay','michel.gay','michel.gay@gipsa-lab.grenoble-inp.fr'),(2121,'elsa','genin','elsa.genin','elsa.genin','elsa.genin@gipsa-lab.grenoble-inp.fr'),(2122,'didier','georges','didier.georges','didier.georges','didier.georges@gipsa-lab.grenoble-inp.fr'),(2123,'sylvain','gerber','sylvain.gerber','sylvain.gerber','sylvain.gerber@gipsa-lab.grenoble-inp.fr'),(2124,'timothee','gerber','timothee.gerber','timothee.gerber','timothee.gerber@gipsa-lab.grenoble-inp.fr'),(2125,'serge','germiano','serge.germiano','serge.germiano','serge.germiano@gipsa-lab.grenoble-inp.fr'),(2126,'cedric','gerot','cedric.gerot','cedric.gerot','cedric.gerot@gipsa-lab.grenoble-inp.fr'),(2127,'cedric','gervaise','cedric.gervaise','cedric.gervaise','cedric.gervaise@gipsa-lab.grenoble-inp.fr'),(2128,'robin','gerzaguet','robin.gerzaguet','robin.gerzaguet','robin.gerzaguet@gipsa-lab.grenoble-inp.fr'),(2129,'soukayna','ghandour','soukayna.ghandour','soukayna.ghandour','soukayna.ghandour@gipsa-lab.grenoble-inp.fr'),(2130,'antoine','girard','antoine.girard','antoine.girard','antoine.girard@gipsa-lab.grenoble-inp.fr'),(2131,'jean-claude','girardet','jean-claude.girardet','jean-claude.girardet','jean-claude.girardet@gipsa-lab.grenoble-inp.fr'),(2132,'laurent','girin','laurent.girin','laurent.girin','laurent.girin@gipsa-lab.grenoble-inp.fr'),(2133,'jose-ernesto','gomez-balderas','jose-ernesto.gomez-balderas','jose-ernesto.gomez-balderas','jose-ernesto.gomez-balderas@gipsa-lab.grenoble-inp.fr'),(2134,'matteo','gorgoglione','matteo.gorgoglione','matteo.gorgoglione','matteo.gorgoglione@gipsa-lab.grenoble-inp.fr'),(2135,'alexia','gouin','alexia.gouin','alexia.gouin','alexia.gouin@gipsa-lab.grenoble-inp.fr'),(2136,'patrick','gounon','patrick.gounon','patrick.gounon','patrick.gounon@gipsa-lab.grenoble-inp.fr'),(2137,'pierre','granjon','pierre.granjon','pierre.granjon','pierre.granjon@gipsa-lab.grenoble-inp.fr'),(2138,'anne','guerin','anne.guerin','anne.guerin','anne.guerin@gipsa-lab.grenoble-inp.fr'),(2139,'nathalie','guyader','nathalie.guyader','nathalie.guyader','nathalie.guyader@gipsa-lab.grenoble-inp.fr'),(2140,'ahmad','hably','ahmad.hably','ahmad.hably','ahmad.hably@gipsa-lab.grenoble-inp.fr'),(2141,'tahar','hamaz','tahar.hamaz','tahar.hamaz','tahar.hamaz@gipsa-lab.grenoble-inp.fr'),(2142,'shahrbanoo','hamel','shahrbanoo.hamel','shahrbanoo.hamel','shahrbanoo.hamel@gipsa-lab.grenoble-inp.fr'),(2143,'noel','hanna','noel.hanna','noel.hanna','noel.hanna@gipsa-lab.grenoble-inp.fr'),(2144,'flore','harle','flore.harle','flore.harle','flore.harle@gipsa-lab.grenoble-inp.fr'),(2145,'jack','harris','jack.harris','jack.harris','jack.harris@gipsa-lab.grenoble-inp.fr'),(2146,'ghatfan','hasan','ghatfan.hasan','ghatfan.hasan','ghatfan.hasan@gipsa-lab.grenoble-inp.fr'),(2147,'xiyan','he','xiyan.he','xiyan.he','xiyan.he@gipsa-lab.grenoble-inp.fr'),(2148,'nathalie','henrich','nathalie.henrich','nathalie.henrich','nathalie.henrich@gipsa-lab.grenoble-inp.fr'),(2149,'nicolas','hermant','nicolas.hermant','nicolas.hermant','nicolas.hermant@gipsa-lab.grenoble-inp.fr'),(2150,'miguel-angel','hernandez-perez','miguel-angel.hernandez-perez','miguel-angel.hernandez-perez','miguel-angel.hernandez-perez@gipsa-lab.grenoble-inp.fr'),(2151,'dominique','houzet','dominique.houzet','dominique.houzet','dominique.houzet@gipsa-lab.grenoble-inp.fr'),(2152,'thomas','hueber','thomas.hueber','thomas.hueber','thomas.hueber@gipsa-lab.grenoble-inp.fr'),(2153,'sylvain','huet','sylvain.huet','sylvain.huet','sylvain.huet@gipsa-lab.grenoble-inp.fr'),(2154,'lamberto-adolfo','inza-callupe','lamberto-adolfo.inza-callupe','lamberto-adolfo.inza-callupe','lamberto-adolfo.inza-callupe@gipsa-lab.grenoble-inp.fr'),(2155,'cornel','ioana','cornel.ioana','cornel.ioana','cornel.ioana@gipsa-lab.grenoble-inp.fr'),(2156,'gelu-dragos','ionescu','gelu-dragos.ionescu','gelu-dragos.ionescu','gelu-dragos.ionescu@gipsa-lab.grenoble-inp.fr'),(2157,'jan','jagla','jan.jagla','jan.jagla','jan.jagla@gipsa-lab.grenoble-inp.fr'),(2158,'christian','jutten','christian.jutten','christian.jutten','christian.jutten@gipsa-lab.grenoble-inp.fr'),(2159,'sonia','kandel','sonia.kandel','sonia.kandel','sonia.kandel@gipsa-lab.grenoble-inp.fr'),(2160,'razmig','kechichian','razmig.kechichian','razmig.kechichian','razmig.kechichian@gipsa-lab.grenoble-inp.fr'),(2161,'hayate','khennouf','hayate.khennouf','hayate.khennouf','hayate.khennouf@gipsa-lab.grenoble-inp.fr'),(2162,'alain','kibangou','alain.kibangou','alain.kibangou','alain.kibangou@gipsa-lab.grenoble-inp.fr'),(2163,'gnouregma-bazile','kinda','gnouregma-bazile.kinda','gnouregma-bazile.kinda','gnouregma-bazile.kinda@gipsa-lab.grenoble-inp.fr'),(2164,'serap','kirbiz','serap.kirbiz','serap.kirbiz','serap.kirbiz@gipsa-lab.grenoble-inp.fr'),(2165,'damien','koenig','damien.koenig','damien.koenig','damien.koenig@gipsa-lab.grenoble-inp.fr'),(2166,'emmanuelle','kristensen','emmanuelle.kristensen','emmanuelle.kristensen','emmanuelle.kristensen@gipsa-lab.grenoble-inp.fr'),(2167,'jean-louis','lacoume','jean-louis.lacoume','jean-louis.lacoume','jean-louis.lacoume@gipsa-lab.grenoble-inp.fr'),(2168,'patricia','ladret','patricia.ladret','patricia.ladret','patricia.ladret@gipsa-lab.grenoble-inp.fr'),(2169,'dana','lahat','dana.lahat','dana.lahat','dana.lahat@gipsa-lab.grenoble-inp.fr'),(2170,'jean-pierre','lai','jean-pierre.lai','jean-pierre.lai','jean-pierre.lai@gipsa-lab.grenoble-inp.fr'),(2171,'ioan-dore','landau','ioan-dore.landau','ioan-dore.landau','ioan-dore.landau@gipsa-lab.grenoble-inp.fr'),(2172,'raphael','laurent','raphael.laurent','raphael.laurent','raphael.laurent@gipsa-lab.grenoble-inp.fr'),(2173,'xavier','laval','xavier.laval','xavier.laval','xavier.laval@gipsa-lab.grenoble-inp.fr'),(2174,'francis','lazarus','francis.lazarus','francis.lazarus','francis.lazarus@gipsa-lab.grenoble-inp.fr'),(2175,'thanh-trung','le','thanh-trung.le','thanh-trung.le','thanh-trung.le@gipsa-lab.grenoble-inp.fr'),(2176,'nicolas','le-bihan','nicolas.le-bihan','nicolas.le-bihan','nicolas.le-bihan@gipsa-lab.grenoble-inp.fr'),(2177,'olivier','le-bot','olivier.le-bot','olivier.le-bot','olivier.le-bot@gipsa-lab.grenoble-inp.fr'),(2178,'alexis','lebranchu','alexis.lebranchu','alexis.lebranchu','alexis.lebranchu@gipsa-lab.grenoble-inp.fr'),(2179,'jessica','leo','jessica.leo','jessica.leo','jessica.leo@gipsa-lab.grenoble-inp.fr'),(2180,'luis-ramon','leon-ojeda','luis-ramon.leon-ojeda','luis-ramon.leon-ojeda','luis-ramon.leon-ojeda@gipsa-lab.grenoble-inp.fr'),(2181,'marc','leouffre','marc.leouffre','marc.leouffre','marc.leouffre@gipsa-lab.grenoble-inp.fr'),(2182,'romain','lesobre','romain.lesobre','romain.lesobre','romain.lesobre@gipsa-lab.grenoble-inp.fr'),(2183,'zhong-yang','li','zhong-yang.li','zhong-yang.li','zhong-yang.li@gipsa-lab.grenoble-inp.fr'),(2184,'giorgio-antonino','licciardi','giorgio-antonino.licciardi','giorgio-antonino.licciardi','giorgio-antonino.licciardi@gipsa-lab.grenoble-inp.fr'),(2185,'arnaud','lienhard','arnaud.lienhard','arnaud.lienhard','arnaud.lienhard@gipsa-lab.grenoble-inp.fr'),(2186,'marie-pierre','lissoir','marie-pierre.lissoir','marie-pierre.lissoir','marie-pierre.lissoir@gipsa-lab.grenoble-inp.fr'),(2187,'helene','loevenbruck','helene.loevenbruck','helene.loevenbruck','helene.loevenbruck@gipsa-lab.grenoble-inp.fr'),(2188,'rogelio','lozano','rogelio.lozano','rogelio.lozano','rogelio.lozano@gipsa-lab.grenoble-inp.fr'),(2189,'yan','lu','yan.lu','yan.lu','yan.lu@gipsa-lab.grenoble-inp.fr'),(2190,'elvira','lungu','elvira.lungu','elvira.lungu','elvira.lungu@gipsa-lab.grenoble-inp.fr'),(2191,'christophe','maggia','christophe.maggia','christophe.maggia','christophe.maggia@gipsa-lab.grenoble-inp.fr'),(2192,'aida','makni','aida.makni','aida.makni','aida.makni@gipsa-lab.grenoble-inp.fr'),(2193,'lyuba','mancheva','lyuba.mancheva','lyuba.mancheva','lyuba.mancheva@gipsa-lab.grenoble-inp.fr'),(2194,'augustin','manecy','augustin.manecy','augustin.manecy','augustin.manecy@gipsa-lab.grenoble-inp.fr'),(2195,'farouk','mansouri','farouk.mansouri','farouk.mansouri','farouk.mansouri@gipsa-lab.grenoble-inp.fr'),(2196,'nicolas','marchand','nicolas.marchand','nicolas.marchand','nicolas.marchand@gipsa-lab.grenoble-inp.fr'),(2197,'jerome','mars','jerome.mars','jerome.mars','jerome.mars@gipsa-lab.grenoble-inp.fr'),(2198,'fanny','marticke','fanny.marticke','fanny.marticke','fanny.marticke@gipsa-lab.grenoble-inp.fr'),(2199,'nadine','martin','nadine.martin','nadine.martin','nadine.martin@gipsa-lab.grenoble-inp.fr'),(2200,'olivier','martin','olivier.martin','olivier.martin','olivier.martin@gipsa-lab.grenoble-inp.fr'),(2201,'john-jairo','martinez-molina','john-jairo.martinez-molina','john-jairo.martinez-molina','john-jairo.martinez-molina@gipsa-lab.grenoble-inp.fr'),(2202,'delphine','mathias','delphine.mathias','delphine.mathias','delphine.mathias@gipsa-lab.grenoble-inp.fr'),(2203,'panagiota','matsuka','panagiota.matsuka','panagiota.matsuka','panagiota.matsuka@gipsa-lab.grenoble-inp.fr'),(2204,'isabelle','maugis','isabelle.maugis','isabelle.maugis','isabelle.maugis@gipsa-lab.grenoble-inp.fr'),(2205,'sarah','mechhoud','sarah.mechhoud','sarah.mechhoud','sarah.mechhoud@gipsa-lab.grenoble-inp.fr'),(2206,'jeanine-elisa','medelice','jeanine-elisa.medelice','jeanine-elisa.medelice','jeanine-elisa.medelice@gipsa-lab.grenoble-inp.fr'),(2207,'Celine','Meillier','Celine.Meillier','Celine.Meillier','Celine.Meillier@gipsa-lab.grenoble-inp.fr'),(2208,'cecilia','mendes','cecilia.mendes','cecilia.mendes','cecilia.mendes@gipsa-lab.grenoble-inp.fr'),(2209,'nacim','meslem','nacim.meslem','nacim.meslem','nacim.meslem@gipsa-lab.grenoble-inp.fr'),(2210,'hugo','mesnage','hugo.mesnage','hugo.mesnage','hugo.mesnage@gipsa-lab.grenoble-inp.fr'),(2211,'pierre-jean','meyer','pierre-jean.meyer','pierre-jean.meyer','pierre-jean.meyer@gipsa-lab.grenoble-inp.fr'),(2212,'olivier','michel','olivier.michel','olivier.michel','olivier.michel@gipsa-lab.grenoble-inp.fr'),(2213,'alaeddine','mihoub','alaeddine.mihoub','alaeddine.mihoub','alaeddine.mihoub@gipsa-lab.grenoble-inp.fr'),(2214,'julien','minet','julien.minet','julien.minet','julien.minet@gipsa-lab.grenoble-inp.fr'),(2215,'stephane','mocanu','stephane.mocanu','stephane.mocanu','stephane.mocanu@gipsa-lab.grenoble-inp.fr'),(2216,'eric','moisan','eric.moisan','eric.moisan','eric.moisan@gipsa-lab.grenoble-inp.fr'),(2217,'akila','mokhtari','akila.mokhtari','akila.mokhtari','akila.mokhtari@gipsa-lab.grenoble-inp.fr'),(2218,'annick','montanvert','annick.montanvert','annick.montanvert','annick.montanvert@gipsa-lab.grenoble-inp.fr'),(2219,'fabio','morbidi','fabio.morbidi','fabio.morbidi','fabio.morbidi@gipsa-lab.grenoble-inp.fr'),(2220,'iulian','munteanu','iulian.munteanu','iulian.munteanu','iulian.munteanu@gipsa-lab.grenoble-inp.fr'),(2221,'olha','nahorna','olha.nahorna','olha.nahorna','olha.nahorna@gipsa-lab.grenoble-inp.fr'),(2222,'fatima','nasser','fatima.nasser','fatima.nasser','fatima.nasser@gipsa-lab.grenoble-inp.fr'),(2223,'caroline','ngo','caroline.ngo','caroline.ngo','caroline.ngo@gipsa-lab.grenoble-inp.fr'),(2224,'huu-tuan','nguyen','huu-tuan.nguyen','huu-tuan.nguyen','huu-tuan.nguyen@gipsa-lab.grenoble-inp.fr'),(2225,'mihai-virgil','nichita','mihai-virgil.nichita','mihai-virgil.nichita','mihai-virgil.nichita@gipsa-lab.grenoble-inp.fr'),(2226,'barbara','nicolas','barbara.nicolas','barbara.nicolas','barbara.nicolas@gipsa-lab.grenoble-inp.fr'),(2227,'mohammad','niknazar','mohammad.niknazar','mohammad.niknazar','mohammad.niknazar@gipsa-lab.grenoble-inp.fr'),(2228,'sonia','nogueira','sonia.nogueira','sonia.nogueira','sonia.nogueira@gipsa-lab.grenoble-inp.fr'),(2229,'saman','noorzadeh','saman.noorzadeh','saman.noorzadeh','saman.noorzadeh@gipsa-lab.grenoble-inp.fr'),(2230,'david-fernando','novella-rodriguez','david-fernando.novella-rodriguez','david-fernando.novella-rodriguez','david-fernando.novella-rodriguez@gipsa-lab.grenoble-inp.fr'),(2231,'waleed','nwesaty','waleed.nwesaty','waleed.nwesaty','waleed.nwesaty@gipsa-lab.grenoble-inp.fr'),(2232,'laurent','ott','laurent.ott','laurent.ott','laurent.ott@gipsa-lab.grenoble-inp.fr'),(2233,'benoit','oudompheng','benoit.oudompheng','benoit.oudompheng','benoit.oudompheng@gipsa-lab.grenoble-inp.fr'),(2234,'wendyam','ouedraogo','wendyam.ouedraogo','wendyam.ouedraogo','wendyam.ouedraogo@gipsa-lab.grenoble-inp.fr'),(2235,'denis','pellerin','denis.pellerin','denis.pellerin','denis.pellerin@gipsa-lab.grenoble-inp.fr'),(2236,'xavier','pelorson','xavier.pelorson','xavier.pelorson','xavier.pelorson@gipsa-lab.grenoble-inp.fr'),(2237,'pascal','pepe','pascal.pepe','pascal.pepe','pascal.pepe@gipsa-lab.grenoble-inp.fr'),(2238,'alex','pereira-da-silva','alex.pereira-da-silva','alex.pereira-da-silva','alex.pereira-da-silva@gipsa-lab.grenoble-inp.fr'),(2239,'pascal','perrier','pascal.perrier','pascal.perrier','pascal.perrier@gipsa-lab.grenoble-inp.fr'),(2240,'teodor-ion','petrut','teodor-ion.petrut','teodor-ion.petrut','teodor-ion.petrut@gipsa-lab.grenoble-inp.fr'),(2241,'wuan-vu','phan','wuan-vu.phan','wuan-vu.phan','wuan-vu.phan@gipsa-lab.grenoble-inp.fr'),(2242,'gailene-shih-lyn','phua','gailene-shih-lyn.phua','gailene-shih-lyn.phua','gailene-shih-lyn.phua@gipsa-lab.grenoble-inp.fr'),(2243,'dominik','pisarki','dominik.pisarki','dominik.pisarki','dominik.pisarki@gipsa-lab.grenoble-inp.fr'),(2244,'fanny','ponton','fanny.ponton','fanny.ponton','fanny.ponton@gipsa-lab.grenoble-inp.fr'),(2245,'sophie','poydenot','sophie.poydenot','sophie.poydenot','sophie.poydenot@gipsa-lab.grenoble-inp.fr'),(2246,'christophe','prieur','christophe.prieur','christophe.prieur','christophe.prieur@gipsa-lab.grenoble-inp.fr'),(2247,'pauline','provini','pauline.provini','pauline.provini','pauline.provini@gipsa-lab.grenoble-inp.fr'),(2248,'franck','quaine','franck.quaine','franck.quaine','franck.quaine@gipsa-lab.grenoble-inp.fr'),(2249,'helene','queste','helene.queste','helene.queste','helene.queste@gipsa-lab.grenoble-inp.fr'),(2250,'anis','rahman','anis.rahman','anis.rahman','anis.rahman@gipsa-lab.grenoble-inp.fr'),(2251,'mustapha-amine','rahmani','mustapha-amine.rahmani','mustapha-amine.rahmani','mustapha-amine.rahmani@gipsa-lab.grenoble-inp.fr'),(2252,'francesca','raimondi','francesca.raimondi','francesca.raimondi','francesca.raimondi@gipsa-lab.grenoble-inp.fr'),(2253,'felix','renard','felix.renard','felix.renard','felix.renard@gipsa-lab.grenoble-inp.fr'),(2254,'patricia','reynier','patricia.reynier','patricia.reynier','patricia.reynier@gipsa-lab.grenoble-inp.fr'),(2255,'bertrand','rivet','bertrand.rivet','bertrand.rivet','bertrand.rivet@gipsa-lab.grenoble-inp.fr'),(2256,'gildas','riviere','gildas.riviere','gildas.riviere','gildas.riviere@gipsa-lab.grenoble-inp.fr'),(2257,'caroline','robert','caroline.robert','caroline.robert','caroline.robert@gipsa-lab.grenoble-inp.fr'),(2258,'bogdan','robu','bogdan.robu','bogdan.robu','bogdan.robu@gipsa-lab.grenoble-inp.fr'),(2259,'amelie','rochet-capellan','amelie.rochet-capellan','amelie.rochet-capellan','amelie.rochet-capellan@gipsa-lab.grenoble-inp.fr'),(2260,'michele','rombaut','michele.rombaut','michele.rombaut','michele.rombaut@gipsa-lab.grenoble-inp.fr'),(2261,'damien','roque','damien.roque','damien.roque','damien.roque@gipsa-lab.grenoble-inp.fr'),(2262,'laurent','ros','laurent.ros','laurent.ros','laurent.ros@gipsa-lab.grenoble-inp.fr'),(2263,'awatif','rouijel','awatif.rouijel','awatif.rouijel','awatif.rouijel@gipsa-lab.grenoble-inp.fr'),(2264,'jean-marie','rousvoal','jean-marie.rousvoal','jean-marie.rousvoal','jean-marie.rousvoal@gipsa-lab.grenoble-inp.fr'),(2265,'raphaelle','roy','raphaelle.roy','raphaelle.roy','raphaelle.roy@gipsa-lab.grenoble-inp.fr'),(2266,'ignacio','rubio-scola','ignacio.rubio-scola','ignacio.rubio-scola','ignacio.rubio-scola@gipsa-lab.grenoble-inp.fr'),(2267,'lukasz','ryba','lukasz.ryba','lukasz.ryba','lukasz.ryba@gipsa-lab.grenoble-inp.fr'),(2268,'gonzalo','safont','gonzalo.safont','gonzalo.safont','gonzalo.safont@gipsa-lab.grenoble-inp.fr'),(2269,'souleymen','sahnoun','souleymen.sahnoun','souleymen.sahnoun','souleymen.sahnoun@gipsa-lab.grenoble-inp.fr'),(2270,'david','salinas','david.salinas','david.salinas','david.salinas@gipsa-lab.grenoble-inp.fr'),(2271,'samareh','samadi-arakhsh-bahar','samareh.samadi-arakhsh-bahar','samareh.samadi-arakhsh-bahar','samareh.samadi-arakhsh-bahar@gipsa-lab.grenoble-inp.fr'),(2272,'john-anderson','sandoval-moreno','john-anderson.sandoval-moreno','john-anderson.sandoval-moreno','john-anderson.sandoval-moreno@gipsa-lab.grenoble-inp.fr'),(2273,'marc','sato','marc.sato','marc.sato','marc.sato@gipsa-lab.grenoble-inp.fr'),(2274,'christophe','savariaux','christophe.savariaux','christophe.savariaux','christophe.savariaux@gipsa-lab.grenoble-inp.fr'),(2275,'lucie','scarbel','lucie.scarbel','lucie.scarbel','lucie.scarbel@gipsa-lab.grenoble-inp.fr'),(2276,'jean-luc','schwartz','jean-luc.schwartz','jean-luc.schwartz','jean-luc.schwartz@gipsa-lab.grenoble-inp.fr'),(2277,'olivier','sename','olivier.sename','olivier.sename','olivier.sename@gipsa-lab.grenoble-inp.fr'),(2278,'christine','serviere','christine.serviere','christine.serviere','christine.serviere@gipsa-lab.grenoble-inp.fr'),(2279,'humberto','shiromoto','humberto.shiromoto','humberto.shiromoto','humberto.shiromoto@gipsa-lab.grenoble-inp.fr'),(2280,'cyrille','siclet','cyrille.siclet','cyrille.siclet','cyrille.siclet@gipsa-lab.grenoble-inp.fr'),(2281,'rosario','signorello','rosario.signorello','rosario.signorello','rosario.signorello@gipsa-lab.grenoble-inp.fr'),(2282,'fabrice','silva','fabrice.silva','fabrice.silva','fabrice.silva@gipsa-lab.grenoble-inp.fr'),(2283,'miguel','simoes','miguel.simoes','miguel.simoes','miguel.simoes@gipsa-lab.grenoble-inp.fr'),(2284,'isabelle','sivignon','isabelle.sivignon','isabelle.sivignon','isabelle.sivignon@gipsa-lab.grenoble-inp.fr'),(2285,'fanny','soler','fanny.soler','fanny.soler','fanny.soler@gipsa-lab.grenoble-inp.fr'),(2286,'ying','tang','ying.tang','ying.tang','ying.tang@gipsa-lab.grenoble-inp.fr'),(2287,'aneel','tanwani','aneel.tanwani','aneel.tanwani','aneel.tanwani@gipsa-lab.grenoble-inp.fr'),(2288,'jean-marc','thiriet','jean-marc.thiriet','jean-marc.thiriet','jean-marc.thiriet@gipsa-lab.grenoble-inp.fr'),(2289,'guillaume','tochon','guillaume.tochon','guillaume.tochon','guillaume.tochon@gipsa-lab.grenoble-inp.fr'),(2290,'fakhri','torkhani','fakhri.torkhani','fakhri.torkhani','fakhri.torkhani@gipsa-lab.grenoble-inp.fr'),(2291,'thi-anh-xuan','tran','thi-anh-xuan.tran','thi-anh-xuan.tran','thi-anh-xuan.tran@gipsa-lab.grenoble-inp.fr'),(2292,'thi-minh-dung','tran','thi-minh-dung.tran','thi-minh-dung.tran','thi-minh-dung.tran@gipsa-lab.grenoble-inp.fr'),(2293,'mikael','urankar','mikael.urankar','mikael.urankar','mikael.urankar@gipsa-lab.grenoble-inp.fr'),(2294,'nathalie','vallee','nathalie.vallee','nathalie.vallee','nathalie.vallee@gipsa-lab.grenoble-inp.fr'),(2295,'annemie','van-hirtum','annemie.van-hirtum','annemie.van-hirtum','annemie.van-hirtum@gipsa-lab.grenoble-inp.fr'),(2296,'sebastien','varrier','sebastien.varrier','sebastien.varrier','sebastien.varrier@gipsa-lab.grenoble-inp.fr'),(2297,'gabriel','vasile','gabriel.vasile','gabriel.vasile','gabriel.vasile@gipsa-lab.grenoble-inp.fr'),(2298,'miguel-angel','veganzones','miguel-angel.veganzones','miguel-angel.veganzones','miguel-angel.veganzones@gipsa-lab.grenoble-inp.fr'),(2299,'ignacio','vergara-lecue','ignacio.vergara-lecue','ignacio.vergara-lecue','ignacio.vergara-lecue@gipsa-lab.grenoble-inp.fr'),(2300,'michelle','vieira','michelle.vieira','michelle.vieira','michelle.vieira@gipsa-lab.grenoble-inp.fr'),(2301,'anne','vilain','anne.vilain','anne.vilain','anne.vilain@gipsa-lab.grenoble-inp.fr'),(2302,'coriandre','vilain','coriandre.vilain','coriandre.vilain','coriandre.vilain@gipsa-lab.grenoble-inp.fr'),(2303,'remy','vincent','remy.vincent','remy.vincent','remy.vincent@gipsa-lab.grenoble-inp.fr'),(2304,'gemine','vivone','gemine.vivone','gemine.vivone','gemine.vivone@gipsa-lab.grenoble-inp.fr'),(2305,'raluca-ioana','vlad','raluca-ioana.vlad','raluca-ioana.vlad','raluca-ioana.vlad@gipsa-lab.grenoble-inp.fr'),(2306,'alina','voda','alina.voda','alina.voda','alina.voda@gipsa-lab.grenoble-inp.fr'),(2307,'kai','wang','kai.wang','kai.wang','kai.wang@gipsa-lab.grenoble-inp.fr'),(2308,'tinghong','wang','tinghong.wang','tinghong.wang','tinghong.wang@gipsa-lab.grenoble-inp.fr'),(2309,'xiaoou','wang','xiaoou.wang','xiaoou.wang','xiaoou.wang@gipsa-lab.grenoble-inp.fr'),(2310,'emmanuel','witrant','emmanuel.witrant','emmanuel.witrant','emmanuel.witrant@gipsa-lab.grenoble-inp.fr'),(2311,'bo','wu','bo.wu','bo.wu','bo.wu@gipsa-lab.grenoble-inp.fr'),(2312,'junshi','xia','junshi.xia','junshi.xia','junshi.xia@gipsa-lab.grenoble-inp.fr'),(2313,'mengxuan','zhao','mengxuan.zhao','mengxuan.zhao','mengxuan.zhao@gipsa-lab.grenoble-inp.fr'),(2314,'steeve','zozor','steeve.zozor','steeve.zozor','steeve.zozor@gipsa-lab.grenoble-inp.fr');

/*!40101 SET SQL_MODE=@OLD_SQL_MODE */;
/*!40014 SET FOREIGN_KEY_CHECKS=@OLD_FOREIGN_KEY_CHECKS */;
/*!40014 SET UNIQUE_CHECKS=@OLD_UNIQUE_CHECKS */;
/*!40111 SET SQL_NOTES=@OLD_SQL_NOTES */;
